{"cameraMode":{"drawMode":0,"name":"Shaded","section":"Shading Mode"},"sceneLighting":false,"audioPlay":false,"sceneViewState":{"showFog":false,"showMaterialUpdate":false,"showSkybox":false,"showFlares":false,"showImageEffects":false,"showParticleSystems":false},"in2DMode":false,"pivot":{"x":-0.16335386037826539,"y":0.23441506922245027,"z":0.09628776460886002},"rotation":{"x":0.17334753274917603,"y":0.07843904197216034,"z":-0.014490838162600994,"w":0.9818312525749207},"size":0.9478859305381775,"orthographic":false}