{"cameraMode":{"drawMode":0,"name":"Shaded","section":"Shading Mode"},"sceneLighting":false,"audioPlay":false,"sceneViewState":{"showFog":false,"showMaterialUpdate":false,"showSkybox":false,"showFlares":false,"showImageEffects":false,"showParticleSystems":false},"in2DMode":false,"pivot":{"x":0.3555741012096405,"y":0.046420373022556308,"z":2.3401589393615724},"rotation":{"x":0.1610606163740158,"y":0.3056308925151825,"z":-0.05284562706947327,"w":0.9370936751365662},"size":0.30893754959106448,"orthographic":false}