{"cameraMode":{"drawMode":0,"name":"Shaded","section":"Shading Mode"},"sceneLighting":false,"audioPlay":false,"sceneViewState":{"showFog":false,"showMaterialUpdate":false,"showSkybox":false,"showFlares":false,"showImageEffects":false,"showParticleSystems":false},"in2DMode":false,"pivot":{"x":0.010250002145767212,"y":0.2998499870300293,"z":-0.01335000991821289},"rotation":{"x":-0.09563266485929489,"y":0.22817125916481019,"z":-0.02213704027235508,"w":-0.9687952399253845},"size":1.4851655960083008,"orthographic":false}