{"cameraMode":{"drawMode":0,"name":"Shaded","section":"Shading Mode"},"sceneLighting":false,"audioPlay":false,"sceneViewState":{"showFog":false,"showMaterialUpdate":false,"showSkybox":false,"showFlares":false,"showImageEffects":false,"showParticleSystems":false},"in2DMode":false,"pivot":{"x":0.08300000429153443,"y":0.3632313311100006,"z":1.3413164615631104},"rotation":{"x":-0.17489095032215119,"y":-0.021229460835456849,"z":0.003786493558436632,"w":-0.984527051448822},"size":1.496596336364746,"orthographic":false}