{"cameraMode":{"drawMode":0,"name":"Shaded","section":"Shading Mode"},"sceneLighting":false,"audioPlay":false,"sceneViewState":{"showFog":false,"showMaterialUpdate":false,"showSkybox":false,"showFlares":false,"showImageEffects":false,"showParticleSystems":false},"in2DMode":false,"pivot":{"x":2.722665548324585,"y":0.421886682510376,"z":1.613602638244629},"rotation":{"x":0.1610606163740158,"y":0.3056308925151825,"z":-0.05284562706947327,"w":0.9370936751365662},"size":6.277408123016357,"orthographic":false}