{"cameraMode":{"drawMode":0,"name":"Shaded","section":"Shading Mode"},"sceneLighting":false,"audioPlay":false,"sceneViewState":{"showFog":false,"showMaterialUpdate":false,"showSkybox":false,"showFlares":false,"showImageEffects":false,"showParticleSystems":false},"in2DMode":false,"pivot":{"x":0.08300000429153443,"y":0.3632313311100006,"z":1.3413164615631104},"rotation":{"x":-0.1319088637828827,"y":-0.02286708354949951,"z":0.0030089549254626037,"w":-0.9911688566207886},"size":0.896596372127533,"orthographic":false}