{"cameraMode":{"drawMode":0,"name":"Shaded","section":"Shading Mode"},"sceneLighting":false,"audioPlay":false,"sceneViewState":{"showFog":false,"showMaterialUpdate":false,"showSkybox":false,"showFlares":false,"showImageEffects":false,"showParticleSystems":false},"in2DMode":false,"pivot":{"x":-1.4564752578735352,"y":0.20000000298023225,"z":1.558538794517517},"rotation":{"x":0.04607516899704933,"y":-0.7120049595832825,"z":0.0455394946038723,"w":0.699508547782898},"size":2.4529011249542238,"orthographic":false}