{"cameraMode":{"drawMode":0,"name":"Shaded","section":"Shading Mode"},"sceneLighting":false,"audioPlay":false,"sceneViewState":{"showFog":false,"showMaterialUpdate":false,"showSkybox":false,"showFlares":false,"showImageEffects":false,"showParticleSystems":false},"in2DMode":false,"pivot":{"x":0.3555741012096405,"y":0.046420373022556308,"z":2.3401589393615724},"rotation":{"x":0.5179112553596497,"y":0.2956778109073639,"z":-0.19724635779857636,"w":0.7782827615737915},"size":0.30893754959106448,"orthographic":false}