{"cameraMode":{"drawMode":0,"name":"Shaded","section":"Shading Mode"},"sceneLighting":false,"audioPlay":false,"sceneViewState":{"showFog":false,"showMaterialUpdate":false,"showSkybox":false,"showFlares":false,"showImageEffects":false,"showParticleSystems":false},"in2DMode":false,"pivot":{"x":0.08300000429153443,"y":0.3632313311100006,"z":1.3413164615631104},"rotation":{"x":-0.10359746962785721,"y":0.027789950370788575,"z":-0.002879929728806019,"w":-0.9943997859954834},"size":1.196596384048462,"orthographic":false}