{"cameraMode":{"drawMode":0,"name":"Shaded","section":"Shading Mode"},"sceneLighting":true,"audioPlay":false,"sceneViewState":{"showFog":false,"showMaterialUpdate":false,"showSkybox":true,"showFlares":false,"showImageEffects":false,"showParticleSystems":false},"in2DMode":false,"pivot":{"x":0.8264358639717102,"y":-1.6894984245300294,"z":3.5634493827819826},"rotation":{"x":0.412498414516449,"y":0.0644674003124237,"z":-0.030387336388230325,"w":0.908445417881012},"size":6.988886833190918,"orthographic":false}